NAME;CPU %;MEM %;MEM USAGE / LIMIT;NET I/O;BLOCK I/O;PIDS
demo_openj9_jlink_shared;228.35%;1.46%;231.7MiB / 15.48GiB;1.3kB / 182B;201kB / 4.1kB;41
demo_openj9_jlink_shared;150.57%;1.03%;163.1MiB / 15.48GiB;498kB / 355kB;205kB / 4.1kB;41
demo_openj9_jlink_shared;246.60%;1.44%;228.6MiB / 15.48GiB;1.69MB / 50.9MB;209kB / 4.1kB;213
demo_openj9_jlink_shared;618.19%;2.15%;340.2MiB / 15.48GiB;5.65MB / 336MB;209kB / 4.1kB;232
demo_openj9_jlink_shared;599.23%;2.27%;359.7MiB / 15.48GiB;10.5MB / 687MB;209kB / 4.1kB;232
demo_openj9_jlink_shared;614.27%;3.02%;478.2MiB / 15.48GiB;14.7MB / 977MB;340kB / 4.1kB;232
demo_openj9_jlink_shared;627.21%;3.03%;480.9MiB / 15.48GiB;19.3MB / 1.29GB;340kB / 4.1kB;232
demo_openj9_jlink_shared;621.75%;3.30%;523.2MiB / 15.48GiB;23.8MB / 1.61GB;340kB / 4.1kB;232
demo_openj9_jlink_shared;602.34%;2.10%;333.4MiB / 15.48GiB;28.5MB / 1.93GB;340kB / 4.1kB;232
demo_openj9_jlink_shared;453.08%;1.84%;291.1MiB / 15.48GiB;33.1MB / 2.24GB;340kB / 4.1kB;232
demo_openj9_jlink_shared;453.81%;1.89%;300MiB / 15.48GiB;37.8MB / 2.55GB;340kB / 4.1kB;232
demo_openj9_jlink_shared;460.98%;1.89%;299.3MiB / 15.48GiB;42.5MB / 2.86GB;340kB / 4.1kB;232
demo_openj9_jlink_shared;453.95%;1.88%;297.4MiB / 15.48GiB;47.1MB / 3.18GB;340kB / 4.1kB;232
demo_openj9_jlink_shared;440.13%;1.88%;298.5MiB / 15.48GiB;51.7MB / 3.49GB;340kB / 4.1kB;232
demo_openj9_jlink_shared;432.87%;1.93%;305.4MiB / 15.48GiB;56.3MB / 3.79GB;340kB / 4.1kB;232
demo_openj9_jlink_shared;432.78%;1.94%;307.1MiB / 15.48GiB;61MB / 4.11GB;340kB / 4.1kB;232
demo_openj9_jlink_shared;479.79%;1.93%;305.5MiB / 15.48GiB;65.6MB / 4.42GB;340kB / 4.1kB;232
demo_openj9_jlink_shared;444.31%;1.92%;303.6MiB / 15.48GiB;70.2MB / 4.73GB;340kB / 4.1kB;232
demo_openj9_jlink_shared;395.85%;1.98%;313.9MiB / 15.48GiB;75MB / 5.03GB;340kB / 4.1kB;232
demo_openj9_jlink_shared;397.17%;2.01%;318.7MiB / 15.48GiB;80MB / 5.35GB;340kB / 4.1kB;232
demo_openj9_jlink_shared;416.03%;2.01%;319.1MiB / 15.48GiB;84.6MB / 5.67GB;340kB / 4.1kB;232
demo_openj9_jlink_shared;445.53%;2.00%;316.5MiB / 15.48GiB;89.2MB / 5.98GB;340kB / 4.1kB;232
demo_openj9_jlink_shared;413.93%;2.01%;319.4MiB / 15.48GiB;93.8MB / 6.28GB;340kB / 4.1kB;232
demo_openj9_jlink_shared;393.32%;2.03%;321.1MiB / 15.48GiB;98.5MB / 6.6GB;340kB / 4.1kB;232
demo_openj9_jlink_shared;415.10%;2.05%;325.4MiB / 15.48GiB;103MB / 6.91GB;340kB / 4.1kB;232
demo_openj9_jlink_shared;431.83%;2.01%;318.9MiB / 15.48GiB;108MB / 7.23GB;340kB / 4.1kB;232
demo_openj9_jlink_shared;451.72%;2.03%;321.4MiB / 15.48GiB;112MB / 7.53GB;340kB / 4.1kB;232
demo_openj9_jlink_shared;432.04%;2.04%;323.3MiB / 15.48GiB;117MB / 7.85GB;340kB / 4.1kB;232
demo_openj9_jlink_shared;416.18%;2.03%;321.3MiB / 15.48GiB;122MB / 8.16GB;340kB / 4.1kB;232
demo_openj9_jlink_shared;450.98%;2.01%;319.3MiB / 15.48GiB;126MB / 8.47GB;340kB / 4.1kB;232
demo_openj9_jlink_shared;436.84%;2.03%;321.2MiB / 15.48GiB;131MB / 8.77GB;340kB / 4.1kB;232
demo_openj9_jlink_shared;445.69%;2.04%;323.2MiB / 15.48GiB;136MB / 9.09GB;340kB / 4.1kB;232
demo_openj9_jlink_shared;436.42%;2.03%;321.1MiB / 15.48GiB;140MB / 9.41GB;340kB / 4.1kB;232
demo_openj9_jlink_shared;444.05%;2.02%;320.3MiB / 15.48GiB;145MB / 9.72GB;340kB / 4.1kB;232
demo_openj9_jlink_shared;218.08%;2.03%;321.2MiB / 15.48GiB;149MB / 9.99GB;340kB / 4.1kB;232
demo_openj9_jlink_shared;447.30%;2.09%;330.6MiB / 15.48GiB;155MB / 10.3GB;340kB / 4.1kB;232
demo_openj9_jlink_shared;450.67%;2.07%;328.9MiB / 15.48GiB;160MB / 10.7GB;340kB / 4.1kB;232
demo_openj9_jlink_shared;447.65%;2.05%;325.5MiB / 15.48GiB;165MB / 11GB;340kB / 4.1kB;232
demo_openj9_jlink_shared;400.92%;2.08%;329.6MiB / 15.48GiB;169MB / 11.3GB;340kB / 4.1kB;232
demo_openj9_jlink_shared;424.20%;2.08%;330.4MiB / 15.48GiB;174MB / 11.6GB;340kB / 4.1kB;232
demo_openj9_jlink_shared;406.81%;2.08%;329.2MiB / 15.48GiB;179MB / 11.9GB;340kB / 4.1kB;232
demo_openj9_jlink_shared;444.41%;2.06%;326.7MiB / 15.48GiB;183MB / 12.2GB;340kB / 4.1kB;232
demo_openj9_jlink_shared;416.22%;2.08%;329.2MiB / 15.48GiB;188MB / 12.5GB;340kB / 4.1kB;232
demo_openj9_jlink_shared;396.69%;2.09%;331.2MiB / 15.48GiB;192MB / 12.8GB;340kB / 4.1kB;232
demo_openj9_jlink_shared;382.33%;2.08%;329.4MiB / 15.48GiB;197MB / 13.1GB;340kB / 4.1kB;232
demo_openj9_jlink_shared;475.12%;2.07%;327.7MiB / 15.48GiB;202MB / 13.5GB;340kB / 4.1kB;232
demo_openj9_jlink_shared;432.63%;2.08%;329.3MiB / 15.48GiB;206MB / 13.8GB;340kB / 4.1kB;232
demo_openj9_jlink_shared;410.61%;2.09%;331.5MiB / 15.48GiB;211MB / 14.1GB;340kB / 4.1kB;232
